{
 "model": "empirical",
 "seed": 2,
 "commit": "fe80a7b",
 "n_windows": 651406,
 "n_scenarios": 1000,
 "level1": {
  "crps": 21.89512857747395,
  "coverage_50": 0.4520836467579359,
  "coverage_90": 0.7890593577584486
 },
 "level2": [
  {
   "c_u": 3,
   "c_o": 1,
   "mean_realized_cost": 52.480112249503385,
   "service_level": 0.741296518607443,
   "fill_rate": 0.8694974960883505,
   "mean_overstock": 31.65228597832995
  },
  {
   "c_u": 1,
   "c_o": 1,
   "mean_realized_cost": 29.65302438110794,
   "service_level": 0.5497861548711556,
   "fill_rate": 0.7531001889584569,
   "mean_overstock": 16.518189884649512
  },
  {
   "c_u": 1,
   "c_o": 3,
   "mean_realized_cost": 45.16568468819753,
   "service_level": 0.33772178948305664,
   "fill_rate": 0.5513082145535236,
   "mean_overstock": 7.098569862727699
  }
 ],
 "pit_hist": [
  113034,
  63199,
  59906,
  58262,
  54239,
  52628,
  50787,
  48679,
  48672,
  102000
 ],
 "seconds": 123.7
}