{
 "model": "empirical",
 "seed": 1,
 "commit": "fe80a7b",
 "n_windows": 651406,
 "n_scenarios": 1000,
 "level1": {
  "crps": 21.89396986898186,
  "coverage_50": 0.4518687270304541,
  "coverage_90": 0.7889457573310654
 },
 "level2": [
  {
   "c_u": 3,
   "c_o": 1,
   "mean_realized_cost": 52.4755022213489,
   "service_level": 0.7413164754392806,
   "fill_rate": 0.8695329030744864,
   "mean_overstock": 31.653326803867326
  },
  {
   "c_u": 1,
   "c_o": 1,
   "mean_realized_cost": 29.65501238858715,
   "service_level": 0.5496249650755443,
   "fill_rate": 0.7530904354447536,
   "mean_overstock": 16.51965901450094
  },
  {
   "c_u": 1,
   "c_o": 3,
   "mean_realized_cost": 45.14590439756465,
   "service_level": 0.33775249230126836,
   "fill_rate": 0.5515286208779789,
   "mean_overstock": 7.095884901275088
  }
 ],
 "pit_hist": [
  112955,
  63186,
  59783,
  58421,
  54093,
  52742,
  50836,
  48756,
  48730,
  101904
 ],
 "seconds": 134.3
}