{
 "model": "gaussian",
 "seed": 1,
 "commit": "fe80a7b",
 "n_windows": 651406,
 "n_scenarios": 1000,
 "level1": {
  "crps": 23.251244755056298,
  "coverage_50": 0.25967983101168857,
  "coverage_90": 0.567546200065704
 },
 "level2": [
  {
   "c_u": 3,
   "c_o": 1,
   "mean_realized_cost": 50.971604701707996,
   "service_level": 0.7011049944274386,
   "fill_rate": 0.8529492354394771,
   "mean_overstock": 27.502723373704647
  },
  {
   "c_u": 1,
   "c_o": 1,
   "mean_realized_cost": 29.933956874407162,
   "service_level": 0.5799424629186714,
   "fill_rate": 0.7870489248388728,
   "mean_overstock": 18.605162752269738
  },
  {
   "c_u": 1,
   "c_o": 3,
   "mean_realized_cost": 51.02829927339797,
   "service_level": 0.44114269748820245,
   "fill_rate": 0.6944231444544496,
   "mean_overstock": 11.590633988496313
  }
 ],
 "pit_hist": [
  207564,
  56951,
  43504,
  36405,
  33483,
  31582,
  31426,
  32354,
  38340,
  139797
 ],
 "seconds": 153.0
}