{
 "model": "gaussian",
 "seed": 2,
 "commit": "fe80a7b",
 "n_windows": 651406,
 "n_scenarios": 1000,
 "level1": {
  "crps": 23.251155627036166,
  "coverage_50": 0.2594557004387433,
  "coverage_90": 0.5676858978885672
 },
 "level2": [
  {
   "c_u": 3,
   "c_o": 1,
   "mean_realized_cost": 50.971524521690824,
   "service_level": 0.7009391992090954,
   "fill_rate": 0.8529278272000957,
   "mean_overstock": 27.49922649992885
  },
  {
   "c_u": 1,
   "c_o": 1,
   "mean_realized_cost": 29.93437809407243,
   "service_level": 0.5799132952413701,
   "fill_rate": 0.7870251746649455,
   "mean_overstock": 18.60432048533091
  },
  {
   "c_u": 1,
   "c_o": 3,
   "mean_realized_cost": 51.0298787903715,
   "service_level": 0.44118721657460935,
   "fill_rate": 0.6943900422024581,
   "mean_overstock": 11.590573491407941
  }
 ],
 "pit_hist": [
  207676,
  56849,
  43509,
  36346,
  33504,
  31625,
  31473,
  32234,
  38420,
  139770
 ],
 "seconds": 150.6
}