{
 "model": "negative_binomial",
 "seed": 1,
 "commit": "fe80a7b",
 "n_windows": 651406,
 "n_scenarios": 1000,
 "level1": {
  "crps": 22.661329419001365,
  "coverage_50": 0.313383665486655,
  "coverage_90": 0.6230553602515175
 },
 "level2": [
  {
   "c_u": 3,
   "c_o": 1,
   "mean_realized_cost": 51.20531742108608,
   "service_level": 0.6887440398154147,
   "fill_rate": 0.8404711835900421,
   "mean_overstock": 25.7449747162292
  },
  {
   "c_u": 1,
   "c_o": 1,
   "mean_realized_cost": 29.165307043533527,
   "service_level": 0.5462983147223084,
   "fill_rate": 0.7583488490190129,
   "mean_overstock": 16.309696257019432
  },
  {
   "c_u": 1,
   "c_o": 3,
   "mean_realized_cost": 48.29995732308269,
   "service_level": 0.4055090066717224,
   "fill_rate": 0.6575603091783045,
   "mean_overstock": 10.027497443990384
  }
 ],
 "pit_hist": [
  185334,
  47968,
  40488,
  37041,
  35942,
  36327,
  38434,
  41738,
  50810,
  137324
 ],
 "seconds": 1027.4
}