{
 "model": "poisson",
 "seed": 2,
 "commit": "fe80a7b",
 "n_windows": 651406,
 "n_scenarios": 1000,
 "level1": {
  "crps": 26.645815489981672,
  "coverage_50": 0.17929064208803727,
  "coverage_90": 0.3738206279954437
 },
 "level2": [
  {
   "c_u": 3,
   "c_o": 1,
   "mean_realized_cost": 51.60891824760595,
   "service_level": 0.64284946715259,
   "fill_rate": 0.8045957690873522,
   "mean_overstock": 20.422962023684153
  },
  {
   "c_u": 1,
   "c_o": 1,
   "mean_realized_cost": 29.629192853612032,
   "service_level": 0.5691811251354761,
   "fill_rate": 0.7748184071773395,
   "mean_overstock": 17.649746855263846
  },
  {
   "c_u": 1,
   "c_o": 3,
   "mean_realized_cost": 59.44451540206875,
   "service_level": 0.4932392394297873,
   "fill_rate": 0.7412494966696368,
   "mean_overstock": 15.22641179233842
  }
 ],
 "pit_hist": [
  267348,
  31519,
  23523,
  20439,
  18952,
  18820,
  19871,
  22342,
  28621,
  199971
 ],
 "seconds": 914.3
}