{
 "model": "poisson",
 "seed": 1,
 "commit": "fe80a7b",
 "n_windows": 651406,
 "n_scenarios": 1000,
 "level1": {
  "crps": 26.64532724533854,
  "coverage_50": 0.1794226642063475,
  "coverage_90": 0.37359189199976667
 },
 "level2": [
  {
   "c_u": 3,
   "c_o": 1,
   "mean_realized_cost": 51.608889079928645,
   "service_level": 0.6428448617298581,
   "fill_rate": 0.8045904594822593,
   "mean_overstock": 20.42208545822421
  },
  {
   "c_u": 1,
   "c_o": 1,
   "mean_realized_cost": 29.627594771924116,
   "service_level": 0.569159633162728,
   "fill_rate": 0.7748250441837057,
   "mean_overstock": 17.648501855985362
  },
  {
   "c_u": 1,
   "c_o": 3,
   "mean_realized_cost": 59.443494533363214,
   "service_level": 0.4931241038614934,
   "fill_rate": 0.7412530171686658,
   "mean_overstock": 15.226133931833603
  }
 ],
 "pit_hist": [
  267248,
  31542,
  23760,
  20306,
  18999,
  18705,
  20025,
  22254,
  28784,
  199783
 ],
 "seconds": 821.6
}